id,ts,symbol,rule,severity,score,spread_bp
1,2025-01-04 08:54:00,MSFT,momentum_ignition,High,0.708,14.01
2,2025-01-01 15:26:00,META,layering,Low,0.013,26.89
3,2025-01-02 16:20:00,AMZN,wide_spread,Medium,0.697,35.12
4,2025-01-02 03:46:00,META,layering,Low,0.319,8.85
5,2025-01-02 07:26:00,NFLX,momentum_ignition,Low,0.131,25.72
6,2025-01-03 18:24:00,GOOG,spoofing,High,0.944,48.12
7,2025-01-06 00:17:00,MSFT,spoofing,High,0.974,39.24
8,2025-01-01 19:07:00,GOOG,spoofing,Low,0.341,24.3
9,2025-01-04 15:37:00,MSFT,momentum_ignition,High,0.956,24.22
10,2025-01-04 16:51:00,META,wide_spread,High,0.865,3.48
11,2025-01-05 02:41:00,NFLX,quote_stuffing,High,0.937,25.56
12,2025-01-02 13:04:00,AMZN,momentum_ignition,High,0.726,8.78
13,2025-01-02 14:44:00,TSLA,spoofing,Medium,0.636,35.37
14,2025-01-04 15:19:00,TSLA,quote_stuffing,Low,0.24,42.28
15,2025-01-01 14:05:00,NFLX,layering,High,0.962,45.04
16,2025-01-05 07:38:00,GOOG,wide_spread,High,0.727,11.8
17,2025-01-06 05:05:00,MSFT,quote_stuffing,Low,0.212,0.41
18,2025-01-03 17:51:00,GOOG,quote_stuffing,High,0.869,17.58
19,2025-01-06 06:45:00,NVDA,wide_spread,Low,0.399,39.71
20,2025-01-01 13:14:00,AMZN,momentum_ignition,High,0.765,21.0
21,2025-01-02 16:03:00,MSFT,quote_stuffing,Low,0.001,0.38
22,2025-01-04 02:48:00,META,spoofing,Medium,0.656,22.61
23,2025-01-05 19:55:00,TSLA,momentum_ignition,Medium,0.583,45.09
24,2025-01-03 09:40:00,NVDA,momentum_ignition,High,0.81,38.4
25,2025-01-05 06:34:00,AMZN,quote_stuffing,High,0.922,11.81
26,2025-01-04 05:59:00,NVDA,spoofing,Low,0.112,41.45
27,2025-01-04 13:18:00,NFLX,spoofing,High,0.761,20.87
28,2025-01-03 11:30:00,AAPL,layering,Low,0.229,0.27
29,2025-01-05 12:39:00,AAPL,spoofing,Medium,0.469,1.17
30,2025-01-02 09:00:00,NVDA,momentum_ignition,High,0.998,47.87
31,2025-01-02 14:08:00,AAPL,quote_stuffing,Low,0.3,45.51
32,2025-01-06 01:01:00,TSLA,layering,High,0.842,30.83
33,2025-01-02 14:23:00,AMZN,momentum_ignition,Low,0.351,5.35
34,2025-01-04 22:53:00,AAPL,momentum_ignition,Medium,0.484,20.78
35,2025-01-03 15:45:00,NVDA,wide_spread,Low,0.1,48.73
36,2025-01-01 22:08:00,AAPL,momentum_ignition,Medium,0.537,19.79
37,2025-01-02 04:20:00,TSLA,spoofing,High,0.798,48.46
38,2025-01-01 21:22:00,MSFT,layering,Medium,0.446,34.86
39,2025-01-04 06:15:00,GOOG,momentum_ignition,Medium,0.689,2.25
40,2025-01-06 07:32:00,AAPL,layering,High,0.757,39.99
41,2025-01-05 13:21:00,MSFT,layering,Low,0.121,47.58
42,2025-01-03 05:02:00,AAPL,momentum_ignition,High,0.944,29.84
43,2025-01-02 04:47:00,GOOG,layering,Low,0.264,0.8
44,2025-01-04 06:09:00,TSLA,momentum_ignition,Low,0.027,0.06
45,2025-01-01 10:09:00,TSLA,spoofing,Medium,0.554,2.7
46,2025-01-03 20:05:00,AAPL,quote_stuffing,Low,0.137,45.7
47,2025-01-05 13:35:00,NVDA,quote_stuffing,Low,0.281,47.23
48,2025-01-05 00:27:00,AMZN,spoofing,Low,0.099,9.71
49,2025-01-02 14:13:00,NVDA,momentum_ignition,Medium,0.62,15.67
50,2025-01-05 02:08:00,TSLA,wide_spread,High,0.841,43.83
51,2025-01-04 13:56:00,AMZN,spoofing,Low,0.272,5.1
52,2025-01-05 20:48:00,MSFT,momentum_ignition,Medium,0.664,43.73
53,2025-01-06 04:40:00,GOOG,momentum_ignition,Low,0.238,12.93
54,2025-01-03 11:34:00,NVDA,quote_stuffing,High,0.766,31.47
55,2025-01-04 01:25:00,MSFT,spoofing,Low,0.139,34.94
56,2025-01-05 07:09:00,MSFT,wide_spread,High,0.983,41.39
57,2025-01-05 11:24:00,MSFT,wide_spread,Low,0.064,26.68
58,2025-01-06 02:53:00,AMZN,layering,Medium,0.625,7.67
59,2025-01-04 19:25:00,META,layering,Low,0.163,39.5
60,2025-01-03 15:27:00,AAPL,wide_spread,Low,0.07,13.34
61,2025-01-03 23:42:00,GOOG,momentum_ignition,High,0.782,1.54
62,2025-01-02 03:04:00,META,spoofing,Low,0.239,39.85
63,2025-01-05 15:12:00,AMZN,momentum_ignition,High,0.979,2.01
64,2025-01-06 02:00:00,AAPL,spoofing,High,0.859,34.17
65,2025-01-03 23:50:00,AMZN,wide_spread,Medium,0.587,43.24
66,2025-01-02 08:54:00,GOOG,quote_stuffing,Low,0.087,20.35
67,2025-01-01 15:07:00,TSLA,layering,Medium,0.561,34.49
68,2025-01-04 20:24:00,GOOG,wide_spread,Medium,0.673,16.15
69,2025-01-05 04:30:00,AMZN,layering,High,0.726,32.33
70,2025-01-05 00:10:00,META,layering,Low,0.372,28.9
71,2025-01-06 08:54:00,MSFT,spoofing,Low,0.239,9.43
72,2025-01-01 22:50:00,TSLA,quote_stuffing,Low,0.017,31.77
73,2025-01-05 20:32:00,MSFT,layering,High,0.794,2.71
74,2025-01-01 20:33:00,NVDA,spoofing,Low,0.088,41.68
75,2025-01-03 12:06:00,META,quote_stuffing,Low,0.389,48.45
76,2025-01-03 23:59:00,NVDA,spoofing,High,0.798,1.99
77,2025-01-04 09:31:00,TSLA,wide_spread,Medium,0.619,32.53
78,2025-01-02 07:18:00,GOOG,momentum_ignition,High,0.807,37.39
79,2025-01-03 06:24:00,MSFT,spoofing,Low,0.36,5.04
80,2025-01-01 17:57:00,MSFT,spoofing,Low,0.276,22.1
81,2025-01-06 06:43:00,TSLA,wide_spread,Medium,0.628,38.84
82,2025-01-04 19:05:00,AMZN,quote_stuffing,High,0.734,2.94
83,2025-01-04 20:04:00,AAPL,wide_spread,Low,0.095,42.17
84,2025-01-03 22:53:00,AAPL,momentum_ignition,Low,0.161,5.61
85,2025-01-05 16:48:00,TSLA,wide_spread,Low,0.217,30.76
86,2025-01-05 11:09:00,NFLX,quote_stuffing,Medium,0.487,22.58
87,2025-01-05 22:38:00,MSFT,layering,Low,0.299,45.87
88,2025-01-05 03:11:00,GOOG,wide_spread,Medium,0.467,35.32
89,2025-01-06 00:56:00,META,layering,High,0.793,32.22
90,2025-01-05 07:25:00,AAPL,quote_stuffing,Low,0.39,1.57
91,2025-01-01 22:13:00,GOOG,spoofing,High,0.899,4.58
92,2025-01-06 02:12:00,AMZN,quote_stuffing,Low,0.256,25.97
93,2025-01-02 18:56:00,NVDA,layering,Medium,0.684,11.13
94,2025-01-02 00:47:00,AMZN,wide_spread,Medium,0.515,15.17
95,2025-01-02 12:34:00,NVDA,wide_spread,Low,0.295,24.7
96,2025-01-05 09:08:00,META,layering,High,0.763,43.95
97,2025-01-04 20:20:00,NVDA,layering,Medium,0.582,2.81
98,2025-01-04 16:12:00,NVDA,wide_spread,Low,0.074,49.82
99,2025-01-06 04:42:00,AAPL,layering,Low,0.289,14.88
100,2025-01-05 00:09:00,NFLX,momentum_ignition,Low,0.011,9.5
101,2025-01-03 16:14:00,META,momentum_ignition,High,0.777,0.41
102,2025-01-02 03:06:00,AAPL,wide_spread,Medium,0.517,43.84
103,2025-01-05 07:47:00,META,momentum_ignition,Medium,0.549,17.03
104,2025-01-06 01:29:00,AMZN,spoofing,Low,0.092,28.6
105,2025-01-05 12:53:00,NVDA,wide_spread,Low,0.375,13.2
106,2025-01-03 07:13:00,MSFT,wide_spread,Low,0.095,0.8
107,2025-01-05 01:25:00,GOOG,spoofing,Medium,0.549,18.48
108,2025-01-01 20:27:00,NVDA,quote_stuffing,High,0.927,11.76
109,2025-01-02 11:59:00,NFLX,layering,Low,0.3,37.97
110,2025-01-01 23:28:00,NFLX,spoofing,High,0.915,2.24
111,2025-01-05 17:36:00,AAPL,layering,Low,0.178,17.87
112,2025-01-02 02:42:00,MSFT,spoofing,Medium,0.663,32.93
113,2025-01-03 13:28:00,NFLX,wide_spread,Medium,0.671,30.15
114,2025-01-02 09:23:00,NVDA,spoofing,Low,0.373,45.98
115,2025-01-01 21:06:00,TSLA,spoofing,High,0.864,23.13
116,2025-01-03 15:01:00,META,spoofing,High,0.747,13.28
117,2025-01-01 21:45:00,AAPL,spoofing,Low,0.13,3.89
118,2025-01-02 05:25:00,AMZN,spoofing,High,0.983,36.0
119,2025-01-05 20:59:00,AMZN,quote_stuffing,Low,0.051,49.79
120,2025-01-04 16:43:00,AMZN,quote_stuffing,High,0.865,44.27
121,2025-01-05 11:20:00,GOOG,quote_stuffing,Low,0.233,33.16
122,2025-01-04 11:30:00,AMZN,momentum_ignition,Low,0.128,5.79
123,2025-01-02 06:48:00,GOOG,wide_spread,Low,0.164,45.11
124,2025-01-03 20:15:00,TSLA,momentum_ignition,Low,0.325,47.16
125,2025-01-02 20:42:00,NVDA,wide_spread,Low,0.306,35.0
126,2025-01-03 00:27:00,MSFT,spoofing,High,0.783,38.26
127,2025-01-06 01:36:00,NFLX,spoofing,Low,0.355,3.87
128,2025-01-02 07:01:00,AAPL,quote_stuffing,Low,0.171,26.48
129,2025-01-06 04:57:00,AMZN,spoofing,Low,0.161,29.99
130,2025-01-02 04:27:00,NFLX,wide_spread,High,0.92,15.82
131,2025-01-04 03:37:00,TSLA,layering,High,0.948,37.98
132,2025-01-03 18:44:00,NFLX,quote_stuffing,Medium,0.583,6.36
133,2025-01-04 03:41:00,AMZN,layering,Low,0.369,25.74
134,2025-01-02 01:20:00,NFLX,layering,Low,0.083,39.61
135,2025-01-05 08:46:00,NVDA,layering,High,0.91,36.03
136,2025-01-03 13:30:00,TSLA,momentum_ignition,Low,0.044,16.8
137,2025-01-05 20:37:00,META,momentum_ignition,Low,0.224,41.97
138,2025-01-04 16:12:00,META,layering,High,0.728,34.92
139,2025-01-01 12:26:00,NVDA,momentum_ignition,High,0.739,28.37
140,2025-01-05 18:25:00,NVDA,spoofing,Medium,0.508,31.65
141,2025-01-04 18:49:00,AAPL,layering,High,0.92,0.12
142,2025-01-04 04:32:00,NFLX,layering,High,0.916,0.5
143,2025-01-04 10:43:00,AAPL,spoofing,Low,0.159,11.49
144,2025-01-02 11:09:00,MSFT,quote_stuffing,Medium,0.577,35.71
145,2025-01-05 02:18:00,GOOG,quote_stuffing,Medium,0.608,8.54
146,2025-01-04 16:26:00,NVDA,wide_spread,Low,0.061,7.54
147,2025-01-04 13:57:00,NVDA,wide_spread,Medium,0.655,17.52
148,2025-01-06 01:34:00,NFLX,momentum_ignition,High,0.708,8.12
149,2025-01-04 19:22:00,TSLA,quote_stuffing,Medium,0.523,5.38
150,2025-01-01 17:54:00,NVDA,layering,High,0.795,15.92
151,2025-01-02 22:24:00,NVDA,spoofing,High,0.99,20.64
152,2025-01-01 22:36:00,TSLA,momentum_ignition,Medium,0.494,35.25
153,2025-01-02 08:17:00,AMZN,layering,High,0.988,41.42
154,2025-01-04 13:02:00,MSFT,layering,High,0.803,38.91
155,2025-01-05 14:30:00,NVDA,wide_spread,High,0.899,43.7
156,2025-01-04 06:03:00,TSLA,wide_spread,High,0.731,39.5
157,2025-01-01 23:39:00,AAPL,spoofing,Low,0.131,49.67
158,2025-01-02 07:44:00,TSLA,spoofing,Low,0.384,6.16
159,2025-01-04 08:04:00,NFLX,wide_spread,Low,0.273,24.03
160,2025-01-04 22:40:00,META,layering,Low,0.17,6.78
161,2025-01-04 15:19:00,MSFT,spoofing,High,0.858,3.09
162,2025-01-03 03:19:00,AAPL,layering,Low,0.372,29.89
163,2025-01-02 07:47:00,META,quote_stuffing,High,0.73,31.02
164,2025-01-02 18:31:00,AAPL,wide_spread,Low,0.341,11.22
165,2025-01-05 10:58:00,TSLA,momentum_ignition,Medium,0.487,9.23
166,2025-01-02 11:48:00,NFLX,momentum_ignition,Low,0.348,45.38
167,2025-01-06 05:11:00,MSFT,momentum_ignition,High,0.816,43.88
168,2025-01-02 03:30:00,NVDA,layering,Medium,0.567,21.88
169,2025-01-05 18:52:00,NFLX,layering,Low,0.121,3.38
170,2025-01-03 14:37:00,AAPL,wide_spread,Low,0.043,41.99
171,2025-01-05 05:40:00,MSFT,momentum_ignition,Low,0.297,7.88
172,2025-01-06 06:03:00,TSLA,layering,High,0.805,48.09
173,2025-01-05 06:00:00,MSFT,layering,High,0.839,5.33
174,2025-01-04 06:34:00,NVDA,momentum_ignition,Low,0.034,4.71
175,2025-01-05 20:52:00,AAPL,layering,High,0.999,34.21
176,2025-01-01 12:35:00,META,quote_stuffing,Medium,0.636,31.16
177,2025-01-02 04:22:00,NFLX,wide_spread,Low,0.099,6.09
178,2025-01-05 21:21:00,AMZN,momentum_ignition,Low,0.181,11.47
179,2025-01-01 23:35:00,NFLX,quote_stuffing,Medium,0.456,9.93
180,2025-01-06 07:13:00,AMZN,momentum_ignition,High,0.876,46.96
181,2025-01-02 00:39:00,AAPL,layering,High,0.851,38.79
182,2025-01-01 15:13:00,MSFT,quote_stuffing,Medium,0.47,9.47
183,2025-01-04 08:01:00,AMZN,wide_spread,Low,0.023,45.24
184,2025-01-04 19:45:00,NFLX,quote_stuffing,Medium,0.568,22.48
185,2025-01-03 04:41:00,NVDA,wide_spread,Low,0.112,31.82
186,2025-01-02 08:28:00,MSFT,quote_stuffing,Low,0.384,39.58
187,2025-01-01 10:48:00,GOOG,momentum_ignition,High,0.803,2.81
188,2025-01-04 06:20:00,NFLX,wide_spread,Low,0.309,7.7
189,2025-01-02 07:46:00,META,layering,High,0.913,2.28
190,2025-01-02 12:59:00,NFLX,momentum_ignition,Low,0.317,40.46
191,2025-01-04 21:34:00,GOOG,spoofing,High,0.798,35.78
192,2025-01-03 04:26:00,NFLX,momentum_ignition,High,0.865,49.21
193,2025-01-03 20:55:00,AAPL,wide_spread,Medium,0.403,21.93
194,2025-01-06 05:19:00,AMZN,layering,Low,0.187,7.92
195,2025-01-04 16:58:00,MSFT,layering,Low,0.131,35.43
196,2025-01-05 02:05:00,GOOG,momentum_ignition,High,0.891,37.16
197,2025-01-01 21:38:00,GOOG,wide_spread,Medium,0.519,39.92
198,2025-01-04 23:44:00,NVDA,quote_stuffing,Medium,0.492,23.9
199,2025-01-04 04:53:00,AMZN,quote_stuffing,Medium,0.589,8.2
200,2025-01-04 11:52:00,TSLA,layering,High,0.854,19.2
201,2025-01-02 08:17:00,META,layering,Low,0.081,18.19
202,2025-01-05 19:04:00,META,quote_stuffing,Low,0.352,25.58
203,2025-01-06 08:19:00,GOOG,momentum_ignition,Low,0.053,19.75
204,2025-01-04 01:07:00,NFLX,quote_stuffing,Medium,0.603,22.48
205,2025-01-01 17:29:00,GOOG,wide_spread,Low,0.367,35.52
206,2025-01-02 18:43:00,NVDA,momentum_ignition,Medium,0.623,9.97
207,2025-01-02 06:35:00,MSFT,wide_spread,Medium,0.552,38.37
208,2025-01-05 21:30:00,GOOG,wide_spread,High,0.734,12.26
209,2025-01-02 13:43:00,GOOG,momentum_ignition,High,0.875,24.42
210,2025-01-05 14:48:00,NFLX,quote_stuffing,Low,0.194,48.59
211,2025-01-05 03:13:00,NFLX,momentum_ignition,Low,0.263,16.25
212,2025-01-02 19:31:00,TSLA,wide_spread,High,0.886,30.05
213,2025-01-02 14:21:00,AMZN,layering,Low,0.149,18.13
214,2025-01-04 04:43:00,META,wide_spread,Low,0.024,26.26
215,2025-01-04 07:04:00,META,momentum_ignition,Low,0.051,18.27
216,2025-01-03 05:44:00,AMZN,momentum_ignition,High,0.884,37.29
217,2025-01-03 12:41:00,META,momentum_ignition,Medium,0.513,8.32
218,2025-01-02 04:35:00,AMZN,quote_stuffing,Low,0.12,4.02
219,2025-01-03 01:14:00,AAPL,layering,Medium,0.458,10.37
220,2025-01-04 23:44:00,MSFT,wide_spread,Low,0.097,20.8
221,2025-01-05 15:48:00,TSLA,momentum_ignition,Medium,0.661,40.28
222,2025-01-05 11:02:00,AMZN,quote_stuffing,Low,0.345,21.87
223,2025-01-03 04:09:00,TSLA,layering,High,0.773,41.78
224,2025-01-03 00:53:00,NFLX,layering,Low,0.137,42.69
225,2025-01-02 16:27:00,GOOG,momentum_ignition,Medium,0.677,39.88
226,2025-01-01 20:34:00,AAPL,quote_stuffing,Low,0.004,44.09
227,2025-01-05 19:12:00,NVDA,momentum_ignition,Low,0.173,46.97
228,2025-01-04 12:16:00,AAPL,spoofing,Low,0.183,38.94
229,2025-01-05 04:32:00,MSFT,quote_stuffing,High,0.771,28.05
230,2025-01-01 18:14:00,AMZN,layering,Medium,0.606,40.4
231,2025-01-04 02:44:00,MSFT,momentum_ignition,Low,0.341,15.95
232,2025-01-05 20:15:00,GOOG,wide_spread,High,0.988,2.3
233,2025-01-03 20:27:00,AMZN,spoofing,Low,0.314,45.81
234,2025-01-01 09:42:00,MSFT,momentum_ignition,High,0.727,27.94
235,2025-01-06 00:10:00,AAPL,quote_stuffing,Medium,0.622,24.76
236,2025-01-02 14:33:00,NVDA,layering,Medium,0.576,15.31
237,2025-01-05 09:39:00,META,wide_spread,Low,0.162,20.81
238,2025-01-03 21:02:00,NFLX,spoofing,Low,0.116,0.89
239,2025-01-02 10:30:00,NFLX,momentum_ignition,Medium,0.555,9.98
240,2025-01-01 16:13:00,AAPL,spoofing,Low,0.226,9.93
241,2025-01-05 15:20:00,MSFT,layering,Low,0.069,43.57
242,2025-01-06 04:26:00,TSLA,spoofing,High,0.762,48.34
243,2025-01-02 05:03:00,NFLX,layering,Low,0.134,44.39
244,2025-01-02 00:08:00,AMZN,momentum_ignition,High,0.992,44.63
245,2025-01-05 09:50:00,GOOG,layering,Low,0.359,9.94
246,2025-01-06 01:53:00,AMZN,wide_spread,Medium,0.606,36.31
247,2025-01-05 17:43:00,AAPL,wide_spread,Low,0.332,35.14
248,2025-01-03 03:06:00,MSFT,layering,Medium,0.699,6.59
249,2025-01-03 16:33:00,GOOG,wide_spread,Low,0.04,32.84
250,2025-01-04 05:57:00,AAPL,layering,High,0.988,36.13
251,2025-01-02 15:46:00,GOOG,momentum_ignition,Low,0.237,0.97
252,2025-01-04 05:22:00,NVDA,spoofing,High,0.817,43.55
253,2025-01-03 06:59:00,GOOG,wide_spread,High,1.0,14.01
254,2025-01-02 19:21:00,META,layering,High,0.833,1.02
255,2025-01-04 08:01:00,TSLA,wide_spread,High,0.909,47.41
256,2025-01-03 11:40:00,GOOG,momentum_ignition,Low,0.192,12.28
257,2025-01-04 17:23:00,TSLA,quote_stuffing,Low,0.262,6.63
258,2025-01-03 02:19:00,GOOG,momentum_ignition,High,0.879,39.31
259,2025-01-02 01:51:00,META,quote_stuffing,Low,0.323,41.3
260,2025-01-05 16:32:00,AMZN,layering,Medium,0.457,19.25
261,2025-01-06 06:39:00,GOOG,wide_spread,Low,0.187,31.06
262,2025-01-03 04:22:00,GOOG,momentum_ignition,Low,0.21,20.56
263,2025-01-02 21:05:00,NFLX,spoofing,Low,0.239,24.17
264,2025-01-05 17:49:00,NFLX,quote_stuffing,Low,0.009,43.72
265,2025-01-06 08:00:00,AMZN,quote_stuffing,Medium,0.55,5.55
266,2025-01-04 12:26:00,AAPL,layering,High,0.984,19.24
267,2025-01-05 21:39:00,MSFT,quote_stuffing,High,0.956,1.01
268,2025-01-03 12:08:00,TSLA,momentum_ignition,Medium,0.564,21.94
269,2025-01-02 21:26:00,NFLX,momentum_ignition,Low,0.099,38.64
270,2025-01-06 07:31:00,MSFT,wide_spread,Medium,0.679,25.13
271,2025-01-03 18:10:00,TSLA,quote_stuffing,Low,0.197,36.81
272,2025-01-06 05:46:00,NVDA,wide_spread,Low,0.171,31.51
273,2025-01-04 00:46:00,META,layering,High,0.895,37.69
274,2025-01-03 11:26:00,NFLX,momentum_ignition,High,0.715,42.51
275,2025-01-05 20:30:00,NVDA,spoofing,High,0.798,49.75
276,2025-01-03 20:43:00,NVDA,quote_stuffing,Low,0.156,40.31
277,2025-01-02 03:38:00,AMZN,momentum_ignition,Low,0.022,20.97
278,2025-01-04 01:13:00,NFLX,spoofing,High,0.829,45.61
279,2025-01-05 11:22:00,TSLA,quote_stuffing,High,0.766,7.7
280,2025-01-02 00:22:00,TSLA,layering,High,0.842,0.79
281,2025-01-04 05:00:00,NVDA,quote_stuffing,Low,0.367,48.51
282,2025-01-02 08:20:00,NVDA,layering,Medium,0.423,11.26
283,2025-01-04 04:05:00,GOOG,quote_stuffing,High,0.746,30.8
284,2025-01-03 14:46:00,TSLA,layering,Low,0.158,48.44
285,2025-01-05 01:48:00,META,spoofing,Low,0.134,27.06
286,2025-01-03 17:28:00,AAPL,wide_spread,Medium,0.444,47.71
287,2025-01-05 16:34:00,GOOG,wide_spread,High,0.84,37.51
288,2025-01-02 05:35:00,NVDA,quote_stuffing,Medium,0.481,39.77
289,2025-01-02 10:19:00,NFLX,quote_stuffing,High,0.844,44.83
290,2025-01-02 20:43:00,META,spoofing,Low,0.217,5.85
291,2025-01-06 02:32:00,TSLA,momentum_ignition,Medium,0.425,6.94
292,2025-01-06 00:05:00,NFLX,spoofing,Low,0.36,28.23
293,2025-01-01 14:39:00,AAPL,quote_stuffing,Medium,0.522,9.83
294,2025-01-02 12:10:00,NVDA,wide_spread,High,0.93,6.02
295,2025-01-06 05:43:00,MSFT,layering,Medium,0.471,13.16
296,2025-01-05 15:20:00,AMZN,momentum_ignition,High,0.786,26.67
297,2025-01-03 17:23:00,GOOG,momentum_ignition,Low,0.372,42.25
298,2025-01-04 05:16:00,GOOG,momentum_ignition,High,0.842,13.77
299,2025-01-03 12:27:00,AMZN,momentum_ignition,High,0.825,5.45
300,2025-01-04 23:25:00,META,layering,High,0.988,39.61
301,2025-01-04 11:55:00,GOOG,wide_spread,High,0.807,0.39
302,2025-01-01 21:25:00,META,wide_spread,Low,0.054,43.68
303,2025-01-02 01:30:00,NFLX,quote_stuffing,Medium,0.636,6.43
304,2025-01-01 12:27:00,GOOG,spoofing,Low,0.215,23.23
305,2025-01-04 07:05:00,TSLA,spoofing,Medium,0.478,8.42
306,2025-01-02 21:51:00,NFLX,spoofing,High,0.889,23.57
307,2025-01-03 09:01:00,MSFT,quote_stuffing,Low,0.035,36.12
308,2025-01-04 17:56:00,TSLA,wide_spread,Medium,0.468,36.54
309,2025-01-03 03:12:00,MSFT,momentum_ignition,Medium,0.466,4.75
310,2025-01-04 13:04:00,TSLA,quote_stuffing,Low,0.178,10.17
311,2025-01-01 13:10:00,GOOG,quote_stuffing,Medium,0.694,13.0
312,2025-01-03 03:46:00,NFLX,layering,High,0.893,42.54
313,2025-01-03 21:22:00,GOOG,wide_spread,High,0.795,9.93
314,2025-01-02 23:41:00,META,layering,High,0.852,45.15
315,2025-01-02 13:12:00,MSFT,quote_stuffing,High,0.852,10.55
316,2025-01-02 15:34:00,MSFT,layering,High,0.787,43.75
317,2025-01-03 23:43:00,NVDA,quote_stuffing,High,0.885,28.82
318,2025-01-02 03:23:00,META,wide_spread,Low,0.236,21.45
319,2025-01-02 04:09:00,META,layering,Low,0.342,2.78
320,2025-01-06 02:58:00,NVDA,spoofing,Low,0.186,15.16
321,2025-01-02 00:34:00,AAPL,layering,High,0.933,1.23
322,2025-01-03 17:45:00,NFLX,spoofing,Low,0.049,32.4
323,2025-01-05 05:11:00,AAPL,layering,High,0.73,16.85
324,2025-01-06 06:16:00,NFLX,quote_stuffing,Low,0.374,38.79
325,2025-01-06 01:47:00,MSFT,layering,High,0.977,42.42
326,2025-01-06 08:01:00,AAPL,quote_stuffing,High,0.914,5.46
327,2025-01-04 21:24:00,META,quote_stuffing,Low,0.327,32.8
328,2025-01-05 16:03:00,NFLX,momentum_ignition,Medium,0.637,17.4
329,2025-01-02 18:21:00,AMZN,spoofing,Medium,0.537,38.92
330,2025-01-05 13:59:00,AMZN,spoofing,Low,0.392,14.26
331,2025-01-05 00:57:00,META,momentum_ignition,Low,0.086,25.12
332,2025-01-05 02:59:00,MSFT,wide_spread,Medium,0.66,7.65
333,2025-01-05 19:34:00,GOOG,wide_spread,High,0.772,49.44
334,2025-01-04 09:08:00,NVDA,momentum_ignition,Low,0.229,4.27
335,2025-01-02 23:20:00,GOOG,spoofing,High,0.731,8.88
336,2025-01-02 07:43:00,GOOG,wide_spread,High,0.778,19.46
337,2025-01-05 13:10:00,MSFT,quote_stuffing,Medium,0.673,28.27
338,2025-01-04 07:12:00,MSFT,layering,Medium,0.413,21.94
339,2025-01-05 21:09:00,GOOG,quote_stuffing,Medium,0.511,3.61
340,2025-01-05 23:41:00,NVDA,layering,High,0.956,8.29
341,2025-01-04 20:26:00,META,momentum_ignition,Medium,0.452,3.33
342,2025-01-02 09:44:00,AMZN,momentum_ignition,High,0.897,14.09
343,2025-01-03 05:30:00,GOOG,momentum_ignition,High,0.838,4.46
344,2025-01-05 15:07:00,AMZN,spoofing,Medium,0.506,0.58
345,2025-01-02 16:07:00,AAPL,layering,Medium,0.426,1.06
346,2025-01-04 14:11:00,META,spoofing,High,0.771,16.06
347,2025-01-02 20:57:00,AAPL,layering,Low,0.11,35.44
348,2025-01-01 10:42:00,NVDA,wide_spread,High,0.976,49.1
349,2025-01-05 03:39:00,MSFT,spoofing,Medium,0.682,15.12
350,2025-01-05 17:00:00,AMZN,layering,Medium,0.424,46.3
351,2025-01-01 15:59:00,GOOG,momentum_ignition,High,0.779,5.0
352,2025-01-04 12:51:00,GOOG,wide_spread,Medium,0.551,19.74
353,2025-01-02 16:02:00,NFLX,wide_spread,Low,0.293,8.83
354,2025-01-03 15:38:00,MSFT,spoofing,Low,0.353,49.76
355,2025-01-01 17:37:00,NVDA,wide_spread,Low,0.037,46.37
356,2025-01-04 12:52:00,GOOG,spoofing,Low,0.117,17.08
357,2025-01-04 12:28:00,META,layering,High,0.904,4.61
358,2025-01-03 09:41:00,MSFT,wide_spread,Medium,0.621,40.73
359,2025-01-03 14:08:00,META,layering,High,0.831,18.07
360,2025-01-03 20:55:00,AAPL,layering,Low,0.23,40.57
361,2025-01-03 11:53:00,NVDA,quote_stuffing,High,0.906,5.65
362,2025-01-05 10:51:00,META,quote_stuffing,Low,0.019,3.03
363,2025-01-01 10:22:00,MSFT,momentum_ignition,Medium,0.668,31.27
364,2025-01-03 22:43:00,AMZN,quote_stuffing,Low,0.036,20.12
365,2025-01-05 10:44:00,META,spoofing,Medium,0.597,23.43
366,2025-01-01 15:52:00,META,spoofing,Medium,0.574,15.87
367,2025-01-05 05:23:00,MSFT,spoofing,High,0.749,11.36
368,2025-01-03 09:53:00,GOOG,spoofing,Medium,0.591,29.37
369,2025-01-05 07:45:00,AMZN,wide_spread,Low,0.182,30.99
370,2025-01-05 04:14:00,MSFT,momentum_ignition,Medium,0.58,11.18
371,2025-01-04 14:51:00,NVDA,layering,Medium,0.517,48.67
372,2025-01-05 01:04:00,AAPL,layering,Low,0.153,47.86
373,2025-01-02 16:52:00,GOOG,spoofing,Medium,0.557,35.81
374,2025-01-03 22:53:00,AAPL,layering,High,0.754,10.33
375,2025-01-03 22:41:00,NVDA,momentum_ignition,High,0.956,12.02
376,2025-01-01 15:23:00,AAPL,spoofing,High,0.804,7.15
377,2025-01-05 13:21:00,MSFT,momentum_ignition,Low,0.237,44.3
378,2025-01-03 08:11:00,AAPL,spoofing,Medium,0.422,20.71
379,2025-01-05 19:17:00,META,spoofing,Low,0.192,26.05
380,2025-01-02 06:13:00,AAPL,spoofing,Low,0.317,2.9
381,2025-01-04 20:45:00,TSLA,spoofing,High,0.811,45.55
382,2025-01-02 20:29:00,GOOG,wide_spread,Medium,0.456,26.86
383,2025-01-04 06:20:00,AMZN,momentum_ignition,Low,0.027,21.29
384,2025-01-03 16:25:00,MSFT,momentum_ignition,Medium,0.425,27.01
385,2025-01-04 11:39:00,META,quote_stuffing,Low,0.124,45.28
386,2025-01-02 23:41:00,AMZN,spoofing,Medium,0.551,35.41
387,2025-01-03 11:53:00,NVDA,wide_spread,Low,0.144,29.93
388,2025-01-04 07:20:00,TSLA,spoofing,Medium,0.488,41.25
389,2025-01-01 15:21:00,AAPL,spoofing,High,0.796,2.37
390,2025-01-02 11:28:00,GOOG,spoofing,Low,0.251,23.01
391,2025-01-01 14:12:00,GOOG,quote_stuffing,Low,0.046,30.42
392,2025-01-02 17:42:00,GOOG,momentum_ignition,Low,0.14,42.63
393,2025-01-03 00:18:00,MSFT,layering,Low,0.384,45.72
394,2025-01-03 22:04:00,NFLX,spoofing,Low,0.235,41.47
395,2025-01-06 01:09:00,NFLX,layering,Medium,0.593,38.79
396,2025-01-01 22:38:00,GOOG,layering,Medium,0.479,20.07
397,2025-01-06 06:43:00,MSFT,wide_spread,Medium,0.609,16.54
398,2025-01-06 03:15:00,NFLX,spoofing,Medium,0.457,24.72
399,2025-01-01 15:00:00,AMZN,momentum_ignition,Medium,0.545,39.32
400,2025-01-05 10:41:00,AAPL,quote_stuffing,High,0.902,47.02
401,2025-01-02 12:45:00,GOOG,quote_stuffing,High,0.974,43.49
402,2025-01-02 01:19:00,NFLX,spoofing,Low,0.339,42.89
403,2025-01-04 05:01:00,META,layering,High,0.978,29.27
404,2025-01-03 16:00:00,AMZN,quote_stuffing,High,0.733,24.6
405,2025-01-02 01:01:00,NVDA,wide_spread,Medium,0.565,38.35
406,2025-01-02 10:23:00,META,momentum_ignition,Medium,0.649,44.67
407,2025-01-03 06:10:00,NVDA,quote_stuffing,Medium,0.622,6.08
408,2025-01-01 13:23:00,MSFT,layering,Medium,0.563,19.01
409,2025-01-01 20:57:00,TSLA,wide_spread,High,0.835,34.43
410,2025-01-06 07:19:00,NVDA,spoofing,Medium,0.665,7.97
411,2025-01-01 11:16:00,META,quote_stuffing,Low,0.389,49.53
412,2025-01-03 13:27:00,NFLX,momentum_ignition,High,0.713,29.64
413,2025-01-05 17:41:00,MSFT,layering,Medium,0.427,11.29
414,2025-01-06 06:08:00,MSFT,momentum_ignition,Medium,0.404,25.61
415,2025-01-05 03:45:00,GOOG,quote_stuffing,High,0.914,20.93
416,2025-01-05 16:12:00,META,momentum_ignition,High,0.812,9.93
417,2025-01-03 21:38:00,GOOG,layering,High,0.8,36.4
418,2025-01-01 18:16:00,NVDA,layering,High,0.939,10.56
419,2025-01-04 16:45:00,NVDA,quote_stuffing,Medium,0.691,12.3
420,2025-01-06 02:50:00,AMZN,spoofing,High,0.957,35.89
421,2025-01-03 07:19:00,AAPL,spoofing,Low,0.328,26.86
422,2025-01-04 00:59:00,NFLX,quote_stuffing,High,0.969,35.4
423,2025-01-01 16:15:00,NVDA,layering,Medium,0.476,28.87
424,2025-01-06 00:11:00,NFLX,spoofing,Medium,0.449,35.58
425,2025-01-05 17:37:00,MSFT,momentum_ignition,Low,0.185,23.81
426,2025-01-02 16:50:00,AAPL,quote_stuffing,Medium,0.427,7.74
427,2025-01-01 13:54:00,GOOG,layering,High,0.828,16.72
428,2025-01-05 11:07:00,NVDA,quote_stuffing,High,0.792,47.11
429,2025-01-01 09:32:00,MSFT,wide_spread,High,0.819,27.62
430,2025-01-02 09:36:00,MSFT,quote_stuffing,Medium,0.438,45.78
431,2025-01-02 09:41:00,AAPL,layering,Low,0.147,31.14
432,2025-01-06 08:23:00,META,spoofing,Low,0.218,30.08
433,2025-01-03 09:41:00,META,quote_stuffing,Medium,0.534,11.68
434,2025-01-02 04:44:00,AAPL,layering,Low,0.358,29.2
435,2025-01-02 08:17:00,NVDA,wide_spread,High,0.783,26.99
436,2025-01-03 03:42:00,AAPL,quote_stuffing,Medium,0.547,3.61
437,2025-01-02 04:02:00,META,quote_stuffing,Low,0.304,6.56
438,2025-01-05 15:10:00,GOOG,wide_spread,High,0.716,14.69
439,2025-01-04 22:59:00,MSFT,momentum_ignition,Low,0.344,33.49
440,2025-01-04 21:38:00,GOOG,momentum_ignition,High,0.961,41.24
441,2025-01-05 21:49:00,TSLA,layering,High,0.806,28.99
442,2025-01-01 23:56:00,MSFT,spoofing,High,0.901,6.71
443,2025-01-04 11:17:00,META,layering,Low,0.349,8.45
444,2025-01-03 18:05:00,NFLX,spoofing,Medium,0.573,32.08
445,2025-01-04 09:30:00,META,spoofing,Low,0.369,38.59
446,2025-01-04 18:54:00,NVDA,momentum_ignition,Low,0.137,13.75
447,2025-01-02 09:11:00,NVDA,layering,High,0.924,0.38
448,2025-01-04 06:03:00,MSFT,wide_spread,Medium,0.652,3.38
449,2025-01-01 11:43:00,NVDA,spoofing,Medium,0.441,36.82
450,2025-01-06 02:10:00,AAPL,spoofing,Medium,0.511,5.44
451,2025-01-04 16:59:00,MSFT,layering,Medium,0.604,2.05
452,2025-01-03 15:10:00,AMZN,quote_stuffing,Low,0.393,49.67
453,2025-01-01 11:20:00,NFLX,layering,High,0.703,26.86
454,2025-01-02 18:39:00,TSLA,quote_stuffing,Medium,0.431,2.04
455,2025-01-01 12:53:00,TSLA,momentum_ignition,Low,0.042,0.24
456,2025-01-05 21:36:00,GOOG,quote_stuffing,Low,0.234,41.71
457,2025-01-06 02:47:00,TSLA,wide_spread,High,0.829,42.86
458,2025-01-03 10:20:00,AMZN,momentum_ignition,Low,0.299,27.13
459,2025-01-01 23:55:00,AMZN,momentum_ignition,High,0.872,44.16
460,2025-01-03 21:01:00,GOOG,momentum_ignition,Low,0.261,36.89
461,2025-01-02 13:43:00,AAPL,quote_stuffing,Low,0.261,28.28
462,2025-01-02 07:06:00,META,momentum_ignition,Low,0.342,29.83
463,2025-01-05 07:56:00,NVDA,spoofing,Low,0.322,38.58
464,2025-01-02 10:05:00,NVDA,layering,High,0.903,4.37
465,2025-01-01 13:22:00,META,layering,Medium,0.645,23.5
466,2025-01-02 05:05:00,NFLX,quote_stuffing,Low,0.165,38.14
467,2025-01-04 02:00:00,AMZN,spoofing,Medium,0.647,6.85
468,2025-01-03 05:24:00,TSLA,quote_stuffing,Low,0.013,27.07
469,2025-01-04 09:48:00,NVDA,momentum_ignition,Low,0.131,24.54
470,2025-01-03 13:38:00,AAPL,quote_stuffing,Low,0.131,15.67
471,2025-01-02 12:02:00,GOOG,quote_stuffing,Medium,0.682,32.44
472,2025-01-05 13:26:00,GOOG,quote_stuffing,Medium,0.578,10.87
473,2025-01-02 06:08:00,NVDA,momentum_ignition,Low,0.242,41.76
474,2025-01-05 22:15:00,GOOG,wide_spread,High,0.75,27.39
475,2025-01-03 14:09:00,MSFT,layering,Low,0.101,34.91
476,2025-01-04 10:47:00,AMZN,momentum_ignition,High,0.841,27.83
477,2025-01-02 15:47:00,AAPL,spoofing,Medium,0.578,8.67
478,2025-01-03 06:02:00,META,layering,Low,0.353,11.86
479,2025-01-06 06:28:00,TSLA,layering,Medium,0.532,44.83
480,2025-01-05 19:31:00,GOOG,spoofing,Medium,0.491,47.54
481,2025-01-01 21:17:00,GOOG,spoofing,High,0.901,14.68
482,2025-01-03 08:42:00,AAPL,quote_stuffing,Low,0.065,18.41
483,2025-01-05 00:00:00,GOOG,layering,Low,0.094,10.7
484,2025-01-06 02:57:00,MSFT,layering,Low,0.095,39.9
485,2025-01-03 19:58:00,NFLX,quote_stuffing,Low,0.18,18.95
486,2025-01-04 15:25:00,MSFT,quote_stuffing,High,0.811,5.93
487,2025-01-04 02:58:00,NFLX,wide_spread,Low,0.39,35.93
488,2025-01-06 02:12:00,MSFT,wide_spread,Low,0.294,6.73
489,2025-01-05 21:15:00,AMZN,wide_spread,High,0.888,23.22
490,2025-01-03 15:27:00,TSLA,quote_stuffing,High,0.969,8.91
491,2025-01-04 23:55:00,MSFT,layering,Low,0.091,49.76
492,2025-01-02 12:04:00,NVDA,quote_stuffing,Low,0.282,48.55
493,2025-01-02 06:16:00,GOOG,wide_spread,Low,0.341,43.03
494,2025-01-01 15:36:00,META,quote_stuffing,Low,0.248,46.4
495,2025-01-06 08:25:00,TSLA,wide_spread,Medium,0.532,11.98
496,2025-01-05 14:51:00,NFLX,layering,Low,0.0,4.58
497,2025-01-05 19:22:00,NFLX,spoofing,High,0.886,22.83
498,2025-01-04 13:17:00,GOOG,spoofing,Low,0.034,45.27
499,2025-01-01 15:10:00,TSLA,quote_stuffing,Medium,0.519,44.41
500,2025-01-02 21:39:00,TSLA,spoofing,High,0.959,29.66
501,2025-01-05 02:21:00,AAPL,quote_stuffing,High,0.717,12.59
502,2025-01-02 15:06:00,NVDA,spoofing,Low,0.301,39.36
503,2025-01-04 17:04:00,NFLX,layering,Low,0.392,47.15
504,2025-01-04 16:02:00,AMZN,spoofing,Medium,0.548,28.14
505,2025-01-02 01:44:00,AMZN,layering,Medium,0.596,12.06
506,2025-01-01 20:33:00,NFLX,wide_spread,High,0.876,25.04
507,2025-01-05 17:51:00,MSFT,momentum_ignition,Low,0.04,25.86
508,2025-01-03 05:33:00,AAPL,spoofing,Low,0.026,7.17
509,2025-01-05 16:51:00,GOOG,quote_stuffing,Medium,0.678,34.63
510,2025-01-05 07:01:00,AAPL,momentum_ignition,Medium,0.475,5.34
511,2025-01-05 23:38:00,TSLA,momentum_ignition,Low,0.173,10.8
512,2025-01-05 14:35:00,TSLA,spoofing,Medium,0.514,8.28
513,2025-01-02 07:47:00,AAPL,spoofing,Low,0.012,46.33
514,2025-01-03 05:43:00,GOOG,spoofing,Low,0.19,8.24
515,2025-01-01 10:02:00,GOOG,spoofing,Low,0.277,17.6
516,2025-01-02 11:22:00,NFLX,quote_stuffing,Low,0.29,44.84
517,2025-01-01 09:41:00,GOOG,quote_stuffing,High,0.72,9.24
518,2025-01-05 11:41:00,MSFT,momentum_ignition,High,0.963,32.55
519,2025-01-05 06:49:00,META,layering,Low,0.178,3.5
520,2025-01-05 04:38:00,MSFT,spoofing,Medium,0.68,0.94
521,2025-01-01 11:26:00,NFLX,layering,Medium,0.642,39.34
522,2025-01-03 15:16:00,NFLX,spoofing,Low,0.008,49.47
523,2025-01-04 21:30:00,NVDA,layering,Low,0.169,13.34
524,2025-01-06 08:14:00,NVDA,wide_spread,Low,0.237,2.14
525,2025-01-05 11:29:00,AAPL,layering,Low,0.219,26.61
526,2025-01-05 01:42:00,AMZN,momentum_ignition,High,0.814,9.56
527,2025-01-01 21:51:00,AMZN,quote_stuffing,Medium,0.588,43.61
528,2025-01-04 10:53:00,AAPL,wide_spread,Low,0.231,43.67
529,2025-01-02 01:14:00,MSFT,quote_stuffing,Low,0.265,39.24
530,2025-01-02 11:45:00,META,spoofing,Low,0.363,16.37
531,2025-01-02 01:55:00,AMZN,layering,High,0.736,33.66
532,2025-01-04 19:38:00,NVDA,quote_stuffing,Low,0.328,38.88
533,2025-01-01 18:24:00,AAPL,spoofing,Medium,0.699,48.37
534,2025-01-04 03:11:00,MSFT,layering,High,0.833,23.96
535,2025-01-04 02:42:00,AMZN,quote_stuffing,Low,0.211,8.65
536,2025-01-05 18:32:00,MSFT,layering,High,0.936,29.56
537,2025-01-06 06:37:00,GOOG,quote_stuffing,High,0.961,29.35
538,2025-01-01 17:56:00,NVDA,quote_stuffing,High,0.993,29.94
539,2025-01-02 15:39:00,NFLX,wide_spread,High,0.801,32.65
540,2025-01-03 13:09:00,GOOG,wide_spread,Medium,0.579,37.3
541,2025-01-03 06:18:00,META,wide_spread,Low,0.154,23.08
542,2025-01-06 03:23:00,AAPL,quote_stuffing,Low,0.124,11.83
543,2025-01-01 15:23:00,NVDA,momentum_ignition,High,0.868,35.78
544,2025-01-04 01:18:00,GOOG,wide_spread,High,0.836,46.48
545,2025-01-04 05:32:00,TSLA,wide_spread,Low,0.16,9.65
546,2025-01-04 13:18:00,AAPL,quote_stuffing,Low,0.034,6.15
547,2025-01-02 01:34:00,NVDA,quote_stuffing,High,0.867,31.04
548,2025-01-05 20:40:00,NFLX,spoofing,Medium,0.444,43.26
549,2025-01-05 11:51:00,GOOG,spoofing,Low,0.064,49.75
550,2025-01-03 16:11:00,AMZN,momentum_ignition,Low,0.001,4.14
551,2025-01-02 19:52:00,META,quote_stuffing,High,0.98,9.2
552,2025-01-04 16:27:00,AAPL,spoofing,High,0.988,16.97
553,2025-01-03 11:29:00,GOOG,wide_spread,Medium,0.409,39.13
554,2025-01-01 22:08:00,GOOG,quote_stuffing,Medium,0.512,5.47
555,2025-01-06 00:36:00,AMZN,spoofing,Low,0.295,15.89
556,2025-01-05 06:55:00,TSLA,wide_spread,Low,0.228,1.64
557,2025-01-02 11:29:00,NFLX,wide_spread,Medium,0.599,21.34
558,2025-01-02 22:17:00,AMZN,spoofing,Low,0.346,39.89
559,2025-01-01 17:31:00,NVDA,layering,High,0.848,49.3
560,2025-01-04 03:43:00,NFLX,spoofing,Low,0.316,3.24
561,2025-01-04 03:07:00,NVDA,momentum_ignition,High,0.991,9.53
562,2025-01-05 17:29:00,META,spoofing,Medium,0.436,45.49
563,2025-01-02 11:11:00,TSLA,wide_spread,Medium,0.506,18.64
564,2025-01-02 05:39:00,AMZN,quote_stuffing,Low,0.113,41.66
565,2025-01-04 09:39:00,GOOG,momentum_ignition,High,0.768,34.0
566,2025-01-02 17:06:00,GOOG,quote_stuffing,High,0.984,16.65
567,2025-01-02 09:27:00,NFLX,spoofing,Low,0.238,7.66
568,2025-01-03 06:22:00,META,spoofing,Low,0.39,49.33
569,2025-01-04 15:00:00,AAPL,quote_stuffing,Low,0.15,23.76
570,2025-01-03 17:04:00,GOOG,spoofing,Low,0.134,10.53
571,2025-01-05 19:25:00,AAPL,layering,Low,0.029,18.22
572,2025-01-05 17:57:00,TSLA,spoofing,Low,0.138,6.22
573,2025-01-04 10:51:00,MSFT,wide_spread,Low,0.278,0.89
574,2025-01-05 10:29:00,NFLX,wide_spread,Medium,0.621,17.96
575,2025-01-04 19:30:00,NFLX,layering,Low,0.144,21.73
576,2025-01-03 16:01:00,NVDA,spoofing,High,0.899,9.36
577,2025-01-03 12:06:00,NVDA,momentum_ignition,High,0.752,18.77
578,2025-01-04 00:11:00,TSLA,spoofing,Medium,0.666,37.8
579,2025-01-06 03:12:00,AAPL,layering,Low,0.082,24.86
580,2025-01-03 00:34:00,MSFT,layering,Medium,0.561,25.19
581,2025-01-02 20:38:00,NFLX,wide_spread,High,0.994,49.03
582,2025-01-06 02:26:00,NVDA,spoofing,Medium,0.464,15.18
583,2025-01-04 07:29:00,NVDA,wide_spread,High,0.739,4.28
584,2025-01-03 22:43:00,MSFT,spoofing,Low,0.034,43.62
585,2025-01-05 15:40:00,MSFT,spoofing,High,0.859,20.08
586,2025-01-04 04:23:00,NFLX,spoofing,Medium,0.442,24.82
587,2025-01-05 13:27:00,TSLA,spoofing,Low,0.391,3.46
588,2025-01-05 22:20:00,NFLX,layering,Medium,0.619,16.71
589,2025-01-05 10:19:00,GOOG,quote_stuffing,Low,0.084,19.28
590,2025-01-03 20:27:00,AMZN,momentum_ignition,High,0.75,15.64
591,2025-01-04 13:39:00,AAPL,spoofing,Medium,0.581,2.62
592,2025-01-06 06:57:00,AMZN,wide_spread,Medium,0.551,13.87
593,2025-01-03 09:45:00,MSFT,momentum_ignition,Low,0.323,7.98
594,2025-01-06 08:34:00,GOOG,spoofing,High,0.991,1.65
595,2025-01-02 06:54:00,GOOG,layering,Low,0.067,42.37
596,2025-01-02 06:11:00,NFLX,spoofing,Low,0.087,6.49
597,2025-01-02 23:37:00,META,layering,Low,0.22,0.96
598,2025-01-03 11:45:00,AMZN,spoofing,Low,0.165,5.28
599,2025-01-02 07:45:00,AAPL,layering,High,0.769,0.3
600,2025-01-03 03:13:00,TSLA,wide_spread,High,0.92,43.68
601,2025-01-04 07:22:00,MSFT,quote_stuffing,Medium,0.613,41.79
602,2025-01-03 05:10:00,META,wide_spread,Low,0.256,42.74
603,2025-01-02 05:53:00,MSFT,quote_stuffing,Low,0.245,8.67
604,2025-01-02 07:19:00,NVDA,wide_spread,High,0.927,6.33
605,2025-01-04 11:56:00,META,spoofing,High,0.781,25.44
606,2025-01-05 13:08:00,GOOG,layering,Low,0.225,1.81
607,2025-01-02 19:43:00,AAPL,spoofing,Low,0.068,29.94
608,2025-01-04 17:53:00,AMZN,layering,Low,0.374,46.39
609,2025-01-01 12:52:00,NVDA,spoofing,Low,0.173,30.67
610,2025-01-02 21:36:00,AAPL,spoofing,Medium,0.455,24.56
611,2025-01-02 16:07:00,TSLA,wide_spread,Medium,0.689,37.22
612,2025-01-04 09:12:00,NVDA,spoofing,Low,0.35,28.86
613,2025-01-02 21:16:00,NFLX,layering,Medium,0.407,16.92
614,2025-01-05 15:24:00,GOOG,layering,Medium,0.511,44.85
615,2025-01-02 22:52:00,NFLX,layering,Low,0.171,28.92
616,2025-01-03 12:37:00,AAPL,momentum_ignition,Low,0.393,40.61
617,2025-01-06 04:34:00,AAPL,layering,Low,0.343,41.31
618,2025-01-02 18:27:00,AMZN,layering,Low,0.319,27.13
619,2025-01-04 19:34:00,NFLX,wide_spread,High,0.923,36.73
620,2025-01-02 22:30:00,AMZN,momentum_ignition,Low,0.058,13.43
621,2025-01-01 19:10:00,NFLX,spoofing,Low,0.046,35.24
622,2025-01-02 06:05:00,NVDA,quote_stuffing,High,0.748,35.88
623,2025-01-02 02:39:00,MSFT,momentum_ignition,Low,0.23,33.77
624,2025-01-04 05:09:00,AAPL,wide_spread,Medium,0.605,32.72
625,2025-01-03 23:31:00,GOOG,spoofing,Low,0.263,2.04
626,2025-01-03 03:13:00,GOOG,quote_stuffing,Low,0.079,38.58
627,2025-01-05 02:10:00,AAPL,momentum_ignition,Low,0.193,8.18
628,2025-01-05 23:30:00,TSLA,spoofing,High,0.909,0.37
629,2025-01-05 23:40:00,AAPL,wide_spread,Medium,0.507,31.02
630,2025-01-03 20:15:00,GOOG,wide_spread,Low,0.248,21.91
631,2025-01-03 04:09:00,META,momentum_ignition,Medium,0.626,45.68
632,2025-01-04 07:55:00,AMZN,quote_stuffing,Low,0.165,4.74
633,2025-01-02 01:58:00,NFLX,spoofing,High,0.838,34.11
634,2025-01-06 06:06:00,AMZN,quote_stuffing,High,0.824,8.29
635,2025-01-04 07:19:00,TSLA,quote_stuffing,Low,0.345,48.88
636,2025-01-02 10:44:00,AMZN,wide_spread,High,0.915,28.29
637,2025-01-04 01:09:00,AAPL,momentum_ignition,Low,0.153,24.35
638,2025-01-06 03:21:00,MSFT,spoofing,Low,0.167,44.16
639,2025-01-03 05:21:00,AAPL,spoofing,High,0.914,49.19
640,2025-01-02 18:31:00,AMZN,momentum_ignition,Medium,0.493,25.85
641,2025-01-04 13:46:00,NFLX,spoofing,High,0.978,43.28
642,2025-01-03 14:41:00,MSFT,momentum_ignition,Medium,0.656,33.36
643,2025-01-02 00:06:00,AAPL,quote_stuffing,Low,0.271,7.23
644,2025-01-01 16:00:00,GOOG,quote_stuffing,Low,0.264,7.32
645,2025-01-02 10:15:00,TSLA,quote_stuffing,Medium,0.405,43.96
646,2025-01-03 21:01:00,AMZN,momentum_ignition,Low,0.219,49.82
647,2025-01-02 01:24:00,AAPL,quote_stuffing,High,0.829,30.9
648,2025-01-06 05:38:00,NFLX,momentum_ignition,High,0.842,7.85
649,2025-01-02 00:51:00,AMZN,momentum_ignition,Low,0.021,47.7
650,2025-01-04 14:22:00,GOOG,quote_stuffing,Medium,0.579,13.84
651,2025-01-04 00:01:00,TSLA,quote_stuffing,Medium,0.457,5.06
652,2025-01-04 10:58:00,META,spoofing,Medium,0.622,15.21
653,2025-01-06 02:22:00,AMZN,momentum_ignition,High,0.782,10.1
654,2025-01-06 05:21:00,MSFT,wide_spread,High,0.769,34.85
655,2025-01-04 15:54:00,META,wide_spread,Low,0.001,42.21
656,2025-01-02 05:44:00,MSFT,quote_stuffing,Low,0.311,33.43
657,2025-01-03 08:43:00,AAPL,momentum_ignition,High,0.819,36.53
658,2025-01-02 01:33:00,NVDA,spoofing,High,0.802,3.63
659,2025-01-02 14:05:00,MSFT,momentum_ignition,High,0.731,6.58
660,2025-01-03 14:20:00,NVDA,layering,Low,0.304,31.86
661,2025-01-04 00:33:00,META,momentum_ignition,High,0.922,0.66
662,2025-01-05 18:39:00,NFLX,momentum_ignition,Medium,0.68,31.32
663,2025-01-02 09:30:00,NFLX,quote_stuffing,Medium,0.675,43.45
664,2025-01-06 01:44:00,MSFT,spoofing,High,0.97,24.25
665,2025-01-04 03:02:00,AMZN,momentum_ignition,Medium,0.479,49.51
666,2025-01-02 15:59:00,AAPL,spoofing,Medium,0.59,44.96
667,2025-01-06 07:14:00,NFLX,momentum_ignition,Low,0.346,1.66
668,2025-01-01 22:54:00,GOOG,momentum_ignition,Low,0.081,38.53
669,2025-01-06 01:17:00,META,quote_stuffing,Low,0.377,7.9
670,2025-01-03 02:27:00,AMZN,quote_stuffing,Low,0.021,41.76
671,2025-01-03 08:45:00,NVDA,momentum_ignition,Low,0.364,25.64
672,2025-01-02 17:10:00,NVDA,wide_spread,High,0.919,38.56
673,2025-01-03 10:28:00,NVDA,quote_stuffing,Low,0.386,20.13
674,2025-01-05 12:21:00,META,spoofing,High,0.898,20.01
675,2025-01-02 17:34:00,NVDA,momentum_ignition,Low,0.177,15.73
676,2025-01-03 18:48:00,NVDA,quote_stuffing,Low,0.165,47.19
677,2025-01-04 23:17:00,NFLX,quote_stuffing,High,0.725,48.69
678,2025-01-03 17:53:00,NVDA,momentum_ignition,Low,0.292,14.39
679,2025-01-04 14:49:00,MSFT,wide_spread,Medium,0.507,25.25
680,2025-01-05 19:31:00,TSLA,spoofing,High,0.899,48.83
681,2025-01-05 04:26:00,NFLX,momentum_ignition,Low,0.36,23.49
682,2025-01-04 01:21:00,AMZN,quote_stuffing,High,0.814,1.86
683,2025-01-06 04:48:00,NFLX,spoofing,Low,0.179,32.5
684,2025-01-04 18:46:00,AAPL,quote_stuffing,High,0.811,47.16
685,2025-01-01 18:02:00,NVDA,spoofing,Low,0.008,24.16
686,2025-01-04 17:13:00,MSFT,momentum_ignition,High,0.73,46.57
687,2025-01-03 05:07:00,MSFT,momentum_ignition,Medium,0.584,4.29
688,2025-01-01 16:53:00,GOOG,wide_spread,Medium,0.669,3.78
689,2025-01-04 05:17:00,MSFT,wide_spread,Medium,0.467,41.65
690,2025-01-04 01:09:00,GOOG,layering,Low,0.223,36.58
691,2025-01-02 16:42:00,AMZN,layering,High,0.886,33.88
692,2025-01-02 00:53:00,META,spoofing,Low,0.263,14.22
693,2025-01-02 09:47:00,MSFT,spoofing,Low,0.129,48.92
694,2025-01-04 12:25:00,MSFT,wide_spread,Low,0.321,7.75
695,2025-01-02 12:24:00,AMZN,layering,Low,0.235,45.84
696,2025-01-06 02:28:00,NVDA,layering,Medium,0.674,45.22
697,2025-01-01 22:25:00,TSLA,momentum_ignition,High,0.802,38.52
698,2025-01-04 11:08:00,NFLX,spoofing,Medium,0.547,17.29
699,2025-01-05 11:26:00,NVDA,wide_spread,Low,0.276,23.45
700,2025-01-06 02:14:00,MSFT,quote_stuffing,Low,0.231,32.62
701,2025-01-04 12:50:00,META,layering,High,0.984,11.7
702,2025-01-03 00:28:00,NVDA,momentum_ignition,High,0.759,36.77
703,2025-01-03 01:36:00,MSFT,momentum_ignition,High,0.721,32.36
704,2025-01-05 19:15:00,META,spoofing,High,0.757,36.96
705,2025-01-05 09:51:00,AMZN,quote_stuffing,Medium,0.427,33.69
706,2025-01-03 01:48:00,AMZN,quote_stuffing,Low,0.066,40.23
707,2025-01-04 04:14:00,NVDA,wide_spread,Medium,0.413,22.49
708,2025-01-04 17:52:00,NVDA,layering,High,0.759,17.89
709,2025-01-02 09:44:00,AAPL,momentum_ignition,Low,0.118,33.38
710,2025-01-02 19:29:00,AAPL,spoofing,High,0.773,23.87
711,2025-01-03 12:59:00,NVDA,momentum_ignition,Low,0.185,39.26
712,2025-01-02 01:59:00,MSFT,spoofing,Medium,0.528,36.86
713,2025-01-05 16:03:00,GOOG,spoofing,Low,0.189,45.71
714,2025-01-04 08:44:00,NVDA,quote_stuffing,Low,0.15,40.19
715,2025-01-01 23:11:00,NVDA,quote_stuffing,High,0.944,4.54
716,2025-01-05 15:39:00,NVDA,momentum_ignition,High,0.989,0.95
717,2025-01-03 01:46:00,GOOG,quote_stuffing,Low,0.209,16.72
718,2025-01-01 18:59:00,NVDA,wide_spread,High,0.957,46.11
719,2025-01-04 18:19:00,TSLA,spoofing,High,0.937,12.12
720,2025-01-02 16:09:00,AAPL,momentum_ignition,Low,0.286,39.95
721,2025-01-03 07:18:00,GOOG,wide_spread,Low,0.389,3.31
722,2025-01-06 07:58:00,TSLA,spoofing,High,0.885,49.26
723,2025-01-03 22:48:00,NFLX,quote_stuffing,Low,0.301,47.81
724,2025-01-03 10:54:00,NVDA,wide_spread,High,0.871,21.7
725,2025-01-01 23:27:00,MSFT,spoofing,High,0.798,45.72
726,2025-01-06 01:02:00,AMZN,layering,High,0.942,4.67
727,2025-01-04 19:43:00,NVDA,layering,Low,0.321,15.78
728,2025-01-04 14:23:00,MSFT,wide_spread,Low,0.042,22.31
729,2025-01-02 10:18:00,TSLA,layering,Low,0.323,44.46
730,2025-01-04 03:54:00,AMZN,quote_stuffing,High,0.976,14.24
731,2025-01-04 12:00:00,AAPL,wide_spread,Low,0.018,17.68
732,2025-01-03 23:07:00,GOOG,spoofing,Medium,0.61,33.33
733,2025-01-03 17:03:00,META,wide_spread,High,0.935,35.73
734,2025-01-01 12:14:00,NVDA,wide_spread,Low,0.083,46.78
735,2025-01-01 21:49:00,TSLA,wide_spread,Medium,0.456,16.33
736,2025-01-02 10:26:00,META,momentum_ignition,Low,0.023,2.85
737,2025-01-05 08:55:00,GOOG,spoofing,Medium,0.51,45.56
738,2025-01-02 13:02:00,MSFT,quote_stuffing,High,0.89,27.67
739,2025-01-04 09:13:00,NFLX,momentum_ignition,High,0.784,37.49
740,2025-01-04 02:24:00,NVDA,quote_stuffing,Medium,0.47,2.67
741,2025-01-06 09:10:00,MSFT,wide_spread,Low,0.221,10.62
742,2025-01-04 09:20:00,NVDA,wide_spread,High,0.797,39.67
743,2025-01-04 01:06:00,NFLX,momentum_ignition,Medium,0.687,49.4
744,2025-01-04 15:08:00,NFLX,momentum_ignition,Low,0.036,45.64
745,2025-01-02 01:47:00,AAPL,layering,Low,0.159,36.1
746,2025-01-01 21:36:00,NVDA,momentum_ignition,High,0.935,30.93
747,2025-01-02 05:53:00,MSFT,spoofing,Low,0.003,37.07
748,2025-01-02 05:17:00,MSFT,momentum_ignition,Low,0.306,42.76
749,2025-01-01 23:37:00,NFLX,wide_spread,Medium,0.545,32.32
750,2025-01-05 11:02:00,NVDA,momentum_ignition,Low,0.066,45.23
751,2025-01-04 18:53:00,AMZN,momentum_ignition,Low,0.22,43.38
752,2025-01-05 03:41:00,META,layering,Low,0.038,8.97
753,2025-01-04 19:27:00,META,layering,High,0.833,32.8
754,2025-01-04 21:33:00,AAPL,momentum_ignition,Medium,0.633,0.97
755,2025-01-04 07:45:00,META,quote_stuffing,Low,0.35,13.07
756,2025-01-02 23:55:00,META,momentum_ignition,High,0.969,8.17
757,2025-01-03 02:39:00,TSLA,layering,Medium,0.592,4.82
758,2025-01-03 09:42:00,AAPL,layering,Medium,0.554,25.99
759,2025-01-02 22:22:00,NFLX,spoofing,Low,0.233,47.66
760,2025-01-01 22:31:00,GOOG,momentum_ignition,Medium,0.45,18.33
761,2025-01-02 02:17:00,AMZN,wide_spread,High,0.725,6.32
762,2025-01-02 23:58:00,MSFT,layering,Low,0.181,13.85
763,2025-01-04 14:27:00,AAPL,spoofing,Low,0.077,35.73
764,2025-01-03 02:14:00,META,quote_stuffing,High,0.938,39.25
765,2025-01-03 15:04:00,NVDA,spoofing,Low,0.203,29.51
766,2025-01-05 23:53:00,MSFT,spoofing,Low,0.09,40.65
767,2025-01-02 08:13:00,TSLA,momentum_ignition,Medium,0.634,34.44
768,2025-01-02 17:39:00,META,layering,Medium,0.67,25.7
769,2025-01-03 23:15:00,META,momentum_ignition,High,0.949,8.83
770,2025-01-05 14:25:00,NVDA,spoofing,Low,0.019,19.12
771,2025-01-06 06:48:00,MSFT,spoofing,Low,0.111,40.34
772,2025-01-01 23:44:00,NVDA,momentum_ignition,Low,0.109,11.98
773,2025-01-02 16:02:00,TSLA,spoofing,High,0.736,7.08
774,2025-01-05 06:46:00,AAPL,quote_stuffing,High,0.726,12.62
775,2025-01-06 04:22:00,NVDA,spoofing,Medium,0.604,13.19
776,2025-01-03 19:15:00,MSFT,wide_spread,High,0.901,3.83
777,2025-01-05 02:19:00,GOOG,spoofing,High,0.93,2.04
778,2025-01-04 06:22:00,GOOG,momentum_ignition,Low,0.123,31.15
779,2025-01-03 20:41:00,NFLX,layering,Medium,0.602,14.5
780,2025-01-06 07:21:00,MSFT,momentum_ignition,Low,0.214,39.69
781,2025-01-05 07:57:00,META,layering,Medium,0.558,5.67
782,2025-01-03 06:45:00,AAPL,quote_stuffing,High,0.874,19.67
783,2025-01-03 07:12:00,AMZN,layering,High,0.897,5.54
784,2025-01-03 19:27:00,NFLX,wide_spread,Low,0.259,7.42
785,2025-01-03 10:51:00,TSLA,wide_spread,High,0.962,22.41
786,2025-01-02 09:17:00,MSFT,momentum_ignition,High,0.985,17.09
787,2025-01-02 01:36:00,TSLA,spoofing,Medium,0.401,4.49
788,2025-01-02 21:03:00,NFLX,wide_spread,High,0.899,49.44
789,2025-01-04 00:10:00,TSLA,quote_stuffing,Low,0.379,38.1
790,2025-01-05 01:26:00,GOOG,wide_spread,Low,0.283,6.73
791,2025-01-06 06:54:00,AMZN,wide_spread,Medium,0.676,12.73
792,2025-01-04 11:27:00,TSLA,quote_stuffing,High,0.74,40.39
793,2025-01-05 08:32:00,AMZN,momentum_ignition,Medium,0.591,14.34
794,2025-01-02 07:56:00,AAPL,quote_stuffing,Medium,0.614,27.01
795,2025-01-05 06:49:00,AMZN,layering,Low,0.386,25.33
796,2025-01-06 00:46:00,AAPL,layering,High,0.95,35.62
797,2025-01-05 01:34:00,AAPL,quote_stuffing,High,0.775,9.94
798,2025-01-05 22:49:00,META,momentum_ignition,Medium,0.634,33.43
799,2025-01-02 12:17:00,GOOG,wide_spread,Medium,0.559,8.0
800,2025-01-03 11:08:00,GOOG,quote_stuffing,Medium,0.686,34.85
801,2025-01-06 00:07:00,MSFT,wide_spread,High,0.778,34.55
802,2025-01-02 21:37:00,NVDA,quote_stuffing,Medium,0.565,34.49
803,2025-01-02 05:19:00,AMZN,quote_stuffing,Medium,0.565,20.66
804,2025-01-04 01:35:00,NVDA,spoofing,Medium,0.586,22.45
805,2025-01-02 02:23:00,NVDA,quote_stuffing,Medium,0.652,49.37
806,2025-01-01 22:19:00,MSFT,momentum_ignition,Low,0.218,16.2
807,2025-01-02 11:38:00,AAPL,spoofing,High,0.833,39.92
808,2025-01-04 07:06:00,NVDA,momentum_ignition,Medium,0.515,29.44
809,2025-01-03 02:14:00,AMZN,spoofing,Medium,0.562,9.78
810,2025-01-01 18:38:00,META,spoofing,Low,0.13,1.9
811,2025-01-01 11:07:00,TSLA,quote_stuffing,Low,0.396,10.83
812,2025-01-02 15:09:00,AAPL,quote_stuffing,Low,0.381,20.13
813,2025-01-04 13:09:00,AAPL,wide_spread,Low,0.142,10.04
814,2025-01-04 17:27:00,META,quote_stuffing,High,0.774,42.63
815,2025-01-03 03:54:00,AMZN,layering,High,0.797,2.32
816,2025-01-01 20:34:00,MSFT,layering,Low,0.069,5.93
817,2025-01-03 08:36:00,NVDA,spoofing,High,0.758,33.95
818,2025-01-03 21:51:00,TSLA,spoofing,Medium,0.607,31.84
819,2025-01-01 17:23:00,AAPL,layering,Medium,0.46,28.2
820,2025-01-05 18:42:00,MSFT,layering,High,0.785,33.53
821,2025-01-06 08:57:00,TSLA,layering,Medium,0.442,14.8
822,2025-01-04 19:06:00,NVDA,spoofing,High,0.916,6.67
823,2025-01-02 01:17:00,AAPL,wide_spread,Medium,0.648,31.65
824,2025-01-02 18:13:00,MSFT,wide_spread,High,0.828,40.04
825,2025-01-04 00:42:00,TSLA,momentum_ignition,Medium,0.52,43.05
826,2025-01-02 03:39:00,META,wide_spread,Medium,0.591,44.51
827,2025-01-01 15:15:00,GOOG,layering,Medium,0.459,26.39
828,2025-01-02 11:59:00,GOOG,momentum_ignition,High,0.827,31.83
829,2025-01-02 20:53:00,NFLX,quote_stuffing,Medium,0.562,46.21
830,2025-01-06 03:24:00,TSLA,spoofing,Medium,0.418,13.89
831,2025-01-02 04:03:00,NFLX,quote_stuffing,Low,0.294,13.28
832,2025-01-03 05:50:00,MSFT,spoofing,Medium,0.473,13.97
833,2025-01-03 21:41:00,META,layering,Medium,0.574,9.94
834,2025-01-01 14:10:00,META,wide_spread,Medium,0.636,25.64
835,2025-01-03 12:55:00,AMZN,layering,High,0.855,17.67
836,2025-01-04 22:14:00,AMZN,spoofing,High,0.997,3.54
837,2025-01-02 03:06:00,AMZN,layering,Low,0.144,24.39
838,2025-01-04 09:03:00,NFLX,wide_spread,Medium,0.447,15.21
839,2025-01-05 05:31:00,AAPL,spoofing,High,0.914,34.67
840,2025-01-02 14:02:00,MSFT,spoofing,High,0.828,32.28
841,2025-01-05 15:54:00,AMZN,wide_spread,Low,0.043,16.9
842,2025-01-03 08:17:00,TSLA,momentum_ignition,High,0.888,34.75
843,2025-01-01 15:21:00,NFLX,quote_stuffing,High,0.89,39.15
844,2025-01-02 07:48:00,AAPL,layering,Low,0.195,26.97
845,2025-01-02 21:34:00,AMZN,layering,Low,0.185,26.76
846,2025-01-04 06:35:00,MSFT,spoofing,Low,0.063,41.46
847,2025-01-03 17:04:00,AMZN,momentum_ignition,Medium,0.455,38.36
848,2025-01-05 17:22:00,META,quote_stuffing,Medium,0.522,4.4
849,2025-01-03 12:27:00,MSFT,spoofing,Low,0.084,38.45
850,2025-01-05 02:15:00,NFLX,momentum_ignition,Medium,0.661,4.67
851,2025-01-06 07:41:00,NFLX,spoofing,High,0.946,0.95
852,2025-01-03 14:42:00,GOOG,quote_stuffing,High,0.702,27.01
853,2025-01-04 09:50:00,MSFT,momentum_ignition,Low,0.199,50.0
854,2025-01-06 00:56:00,NVDA,layering,Medium,0.567,27.15
855,2025-01-03 14:04:00,GOOG,quote_stuffing,High,0.989,10.41
856,2025-01-01 11:33:00,NVDA,wide_spread,Medium,0.423,10.97
857,2025-01-01 17:54:00,AMZN,momentum_ignition,Medium,0.406,48.64
858,2025-01-03 17:49:00,NVDA,wide_spread,High,0.943,28.39
859,2025-01-01 11:59:00,META,momentum_ignition,High,0.829,12.45
860,2025-01-01 10:15:00,GOOG,quote_stuffing,Medium,0.531,17.96
861,2025-01-05 21:28:00,NFLX,quote_stuffing,Low,0.335,5.54
862,2025-01-06 07:13:00,AMZN,wide_spread,Medium,0.409,7.48
863,2025-01-03 10:47:00,AAPL,layering,High,0.724,35.55
864,2025-01-02 02:53:00,GOOG,quote_stuffing,High,0.978,8.1
865,2025-01-01 12:04:00,MSFT,spoofing,Low,0.165,26.84
866,2025-01-01 20:20:00,MSFT,quote_stuffing,Low,0.123,0.96
867,2025-01-06 07:59:00,GOOG,momentum_ignition,Medium,0.653,6.05
868,2025-01-06 04:18:00,GOOG,layering,Low,0.308,9.08
869,2025-01-01 20:53:00,AMZN,spoofing,Low,0.085,1.32
870,2025-01-02 03:35:00,AMZN,wide_spread,High,0.823,9.72
871,2025-01-01 22:37:00,NFLX,layering,Low,0.281,10.7
872,2025-01-01 14:30:00,GOOG,quote_stuffing,Medium,0.697,27.65
873,2025-01-06 02:57:00,MSFT,spoofing,Low,0.144,13.46
874,2025-01-01 11:31:00,AAPL,layering,Medium,0.699,21.94
875,2025-01-05 00:02:00,META,wide_spread,High,0.994,17.25
876,2025-01-04 07:09:00,NFLX,layering,Low,0.134,47.31
877,2025-01-04 14:07:00,NFLX,spoofing,Low,0.262,17.73
878,2025-01-02 09:33:00,AMZN,wide_spread,High,0.832,25.18
879,2025-01-05 22:34:00,TSLA,wide_spread,Low,0.301,38.09
880,2025-01-03 19:01:00,GOOG,layering,Low,0.319,24.43
881,2025-01-01 11:25:00,META,wide_spread,Low,0.219,13.99
882,2025-01-03 15:40:00,AMZN,layering,Low,0.063,12.15
883,2025-01-05 03:21:00,TSLA,spoofing,Low,0.123,10.71
884,2025-01-04 17:40:00,META,quote_stuffing,High,0.727,15.31
885,2025-01-04 19:32:00,NVDA,spoofing,Low,0.383,49.73
886,2025-01-05 09:00:00,META,layering,Low,0.261,28.63
887,2025-01-06 01:59:00,GOOG,layering,Medium,0.482,18.83
888,2025-01-02 06:03:00,GOOG,quote_stuffing,Low,0.042,31.75
889,2025-01-04 05:43:00,AAPL,momentum_ignition,High,0.955,41.59
890,2025-01-02 01:48:00,MSFT,layering,Medium,0.681,22.09
891,2025-01-06 05:00:00,GOOG,layering,High,0.939,20.21
892,2025-01-04 07:02:00,NVDA,wide_spread,Low,0.112,37.81
893,2025-01-02 14:43:00,META,wide_spread,Medium,0.571,25.25
894,2025-01-03 19:29:00,META,spoofing,High,0.843,22.65
895,2025-01-06 07:17:00,NVDA,spoofing,Medium,0.403,41.92
896,2025-01-02 00:50:00,MSFT,quote_stuffing,High,0.788,14.27
897,2025-01-03 12:21:00,META,momentum_ignition,Low,0.239,44.93
898,2025-01-03 03:13:00,AMZN,quote_stuffing,High,0.968,40.7
899,2025-01-05 00:51:00,AMZN,spoofing,Low,0.27,9.34
900,2025-01-04 23:07:00,NVDA,spoofing,High,0.704,48.03
901,2025-01-04 06:40:00,AAPL,layering,High,0.867,7.5
902,2025-01-02 07:13:00,MSFT,momentum_ignition,High,0.824,37.61
903,2025-01-04 22:34:00,AMZN,spoofing,High,0.935,30.23
904,2025-01-02 02:00:00,AMZN,wide_spread,High,0.786,14.83
905,2025-01-01 16:30:00,AMZN,wide_spread,Low,0.393,5.78
906,2025-01-06 08:35:00,TSLA,quote_stuffing,Low,0.345,31.83
907,2025-01-05 21:41:00,AAPL,momentum_ignition,Medium,0.403,16.88
908,2025-01-03 10:41:00,MSFT,layering,High,0.771,0.51
909,2025-01-03 23:13:00,META,quote_stuffing,Low,0.283,10.49
910,2025-01-05 12:06:00,NFLX,wide_spread,Low,0.321,30.18
911,2025-01-02 08:41:00,AMZN,spoofing,Low,0.299,16.08
912,2025-01-05 11:42:00,NVDA,quote_stuffing,Medium,0.45,46.69
913,2025-01-05 01:13:00,TSLA,spoofing,High,0.931,1.35
914,2025-01-02 19:16:00,TSLA,layering,High,0.909,35.08
915,2025-01-05 11:42:00,AAPL,wide_spread,High,0.913,23.49
916,2025-01-02 02:22:00,NFLX,spoofing,High,0.755,19.0
917,2025-01-01 17:37:00,AAPL,quote_stuffing,Low,0.348,42.02
918,2025-01-05 20:57:00,AMZN,momentum_ignition,Medium,0.605,13.43
919,2025-01-03 14:09:00,MSFT,quote_stuffing,Medium,0.578,29.83
920,2025-01-05 04:33:00,AAPL,spoofing,Medium,0.486,3.41
921,2025-01-02 05:41:00,TSLA,layering,Medium,0.686,0.39
922,2025-01-05 20:37:00,MSFT,momentum_ignition,High,0.89,12.25
923,2025-01-04 16:42:00,META,wide_spread,Low,0.293,47.31
924,2025-01-06 06:38:00,MSFT,wide_spread,Low,0.284,13.03
925,2025-01-01 11:49:00,META,spoofing,Medium,0.416,6.74
926,2025-01-01 22:10:00,MSFT,momentum_ignition,High,0.901,24.89
927,2025-01-04 10:48:00,NFLX,layering,Medium,0.596,40.55
928,2025-01-03 18:20:00,TSLA,momentum_ignition,Medium,0.41,4.18
929,2025-01-06 05:46:00,TSLA,wide_spread,Medium,0.647,31.68
930,2025-01-02 08:00:00,TSLA,quote_stuffing,Low,0.336,37.34
931,2025-01-05 05:55:00,AMZN,wide_spread,Low,0.223,29.59
932,2025-01-03 21:21:00,TSLA,wide_spread,Low,0.048,49.26
933,2025-01-04 19:54:00,AAPL,wide_spread,Medium,0.662,30.31
934,2025-01-05 22:45:00,GOOG,wide_spread,Medium,0.496,21.6
935,2025-01-06 02:53:00,META,layering,Low,0.033,8.22
936,2025-01-05 23:38:00,MSFT,quote_stuffing,Medium,0.639,13.08
937,2025-01-06 00:05:00,META,quote_stuffing,Low,0.308,11.51
938,2025-01-05 04:59:00,AMZN,quote_stuffing,High,0.856,20.66
939,2025-01-03 08:52:00,MSFT,spoofing,Low,0.338,3.32
940,2025-01-06 00:35:00,META,layering,Medium,0.699,11.42
941,2025-01-06 02:06:00,TSLA,wide_spread,Medium,0.406,46.04
942,2025-01-03 19:49:00,NFLX,layering,Medium,0.623,48.12
943,2025-01-04 23:04:00,MSFT,layering,High,0.951,11.92
944,2025-01-05 15:21:00,META,spoofing,Medium,0.7,21.63
945,2025-01-01 23:25:00,META,layering,High,0.993,43.65
946,2025-01-02 19:02:00,AMZN,quote_stuffing,High,0.937,15.44
947,2025-01-03 15:13:00,MSFT,quote_stuffing,High,0.712,46.26
948,2025-01-02 19:41:00,AAPL,wide_spread,Medium,0.688,2.89
949,2025-01-06 08:00:00,GOOG,momentum_ignition,Medium,0.408,22.65
950,2025-01-06 04:56:00,NFLX,spoofing,Low,0.382,25.36
951,2025-01-01 23:09:00,TSLA,wide_spread,Low,0.192,17.31
952,2025-01-01 18:55:00,META,quote_stuffing,Medium,0.418,39.84
953,2025-01-05 19:04:00,META,momentum_ignition,High,0.906,8.94
954,2025-01-06 06:01:00,MSFT,wide_spread,Low,0.008,5.1
955,2025-01-05 12:37:00,AAPL,wide_spread,Low,0.156,41.86
956,2025-01-01 20:27:00,AMZN,layering,Low,0.199,43.86
957,2025-01-04 23:54:00,NFLX,layering,High,0.968,45.52
958,2025-01-02 20:08:00,AMZN,quote_stuffing,High,0.745,25.45
959,2025-01-01 22:02:00,MSFT,quote_stuffing,Medium,0.603,45.98
960,2025-01-02 04:31:00,NFLX,momentum_ignition,Medium,0.694,8.12
961,2025-01-02 09:06:00,MSFT,wide_spread,Medium,0.651,44.73
962,2025-01-03 13:01:00,NFLX,momentum_ignition,Medium,0.682,17.78
963,2025-01-05 23:01:00,AMZN,momentum_ignition,High,0.77,20.65
964,2025-01-06 04:41:00,MSFT,spoofing,High,0.731,29.14
965,2025-01-03 07:07:00,META,momentum_ignition,Low,0.394,36.51
966,2025-01-02 10:06:00,META,spoofing,High,0.747,1.16
967,2025-01-05 02:10:00,AAPL,wide_spread,Low,0.342,10.21
968,2025-01-02 03:25:00,AAPL,quote_stuffing,Medium,0.473,29.44
969,2025-01-01 21:49:00,TSLA,spoofing,Low,0.123,8.52
970,2025-01-05 00:12:00,NFLX,quote_stuffing,Low,0.313,9.47
971,2025-01-05 04:42:00,NVDA,momentum_ignition,Low,0.241,7.69
972,2025-01-05 05:27:00,META,spoofing,Low,0.292,20.14
973,2025-01-05 05:57:00,TSLA,momentum_ignition,Low,0.081,8.38
974,2025-01-06 03:10:00,AAPL,spoofing,Medium,0.422,49.09
975,2025-01-06 02:29:00,NVDA,layering,High,0.812,23.12
976,2025-01-02 02:10:00,AMZN,wide_spread,Medium,0.659,20.36
977,2025-01-05 21:00:00,GOOG,layering,Low,0.319,44.64
978,2025-01-04 02:14:00,MSFT,quote_stuffing,High,0.942,44.23
979,2025-01-02 16:00:00,NVDA,quote_stuffing,Medium,0.513,19.9
980,2025-01-04 16:02:00,MSFT,momentum_ignition,High,0.737,29.94
981,2025-01-05 14:30:00,MSFT,quote_stuffing,Low,0.245,46.2
982,2025-01-02 12:11:00,GOOG,momentum_ignition,High,0.808,47.53
983,2025-01-01 09:33:00,NFLX,spoofing,Low,0.178,32.43
984,2025-01-06 03:58:00,AMZN,wide_spread,Low,0.06,0.28
985,2025-01-01 22:49:00,AAPL,spoofing,Medium,0.499,3.26
986,2025-01-05 12:08:00,NFLX,momentum_ignition,High,0.773,32.7
987,2025-01-02 11:43:00,MSFT,momentum_ignition,High,0.777,5.38
988,2025-01-02 18:37:00,GOOG,spoofing,Low,0.141,29.17
989,2025-01-01 12:40:00,TSLA,quote_stuffing,Low,0.01,6.01
990,2025-01-01 21:25:00,GOOG,momentum_ignition,Medium,0.647,20.12
991,2025-01-02 06:38:00,AMZN,momentum_ignition,Medium,0.519,29.28
992,2025-01-03 12:52:00,TSLA,wide_spread,Low,0.09,9.52
993,2025-01-04 10:31:00,AMZN,quote_stuffing,High,0.775,34.14
994,2025-01-01 23:45:00,AAPL,quote_stuffing,Medium,0.441,35.1
995,2025-01-05 21:46:00,MSFT,layering,Medium,0.456,31.24
996,2025-01-04 13:10:00,TSLA,quote_stuffing,High,0.802,48.76
997,2025-01-03 19:20:00,AMZN,momentum_ignition,Low,0.383,34.27
998,2025-01-05 16:08:00,GOOG,wide_spread,Medium,0.541,43.12
999,2025-01-02 19:02:00,NVDA,spoofing,High,0.778,35.93
1000,2025-01-03 21:27:00,GOOG,spoofing,Low,0.133,48.47
